{
  "model_version": "operational-showcase-v2",
  "trained_at": "2026-07-20T03:29:58.775720+00:00",
  "city_freq_map": {
    "Hồ Chí Minh": 1.0
  },
  "residual_std": 0.8811584228465388,
  "metrics": {
    "mape_observed_days": 39.0184737952964,
    "wape": 35.78129179124323,
    "mae": 171112.9995112741,
    "num_train_samples": 876,
    "num_test_samples": 219,
    "training_source": "demo_booking_history"
  }
}