{
  "model_version": "synthetic-bootstrap-v2",
  "trained_at": "2026-07-19T07:19:00.504180+00:00",
  "city_freq_map": {
    "Hà Nội": 0.25,
    "TP. Hồ Chí Minh": 0.24,
    "Đà Nẵng": 0.19,
    "Nha Trang": 0.11,
    "Đà Lạt": 0.075,
    "Hội An": 0.07,
    "Huế": 0.065
  },
  "residual_std": 0.3166055331994179,
  "metrics": {
    "mape_observed_days": 24.675312626699064,
    "wape": 25.803248132519524,
    "mae": 3978838.915142608,
    "num_train_samples": 58400,
    "num_test_samples": 14600,
    "training_source": "synthetic_bootstrap"
  }
}